{
  "placeholderImages": [
    {
      "id": "home-debate",
      "description": "Two abstract figures engaged in a debate.",
      "imageUrl": "https://images.unsplash.com/photo-1724690683713-f7bdcf4dbb66?crop=entropy&cs=tinysrgb&fit=max&fm=jpg&ixid=M3w3NDE5ODJ8MHwxfHNlYXJjaHw3fHxkZWJhdGUlMjBhcmd1bWVudHxlbnwwfHx8fDE3Njc4OTY5MzJ8MA&ixlib=rb-4.1.0&q=80&w=1080",
      "imageHint": "debate argument"
    },
    {
      "id": "home-group",
      "description": "A group of people in a discussion.",
      "imageUrl": "https://images.unsplash.com/photo-1655337690436-98778f38d613?crop=entropy&cs=tinysrgb&fit=max&fm=jpg&ixid=M3w3NDE5ODJ8MHwxfHNlYXJjaHw3fHxncm91cCUyMGRpc2N1c3Npb258ZW58MHx8fHwxNzY3ODk2OTMyfDA&ixlib=rb-4.1.0&q=80&w=1080",
      "imageHint": "group discussion"
    },
    {
      "id": "debate-training",
      "description": "A person studying books and notes.",
      "imageUrl": "https://images.unsplash.com/photo-1615983234885-918e049a2254?crop=entropy&cs=tinysrgb&fit=max&fm=jpg&ixid=M3w3NDE5ODJ8MHwxfHNlYXJjaHw2fHxzdHVkeSUyMHRyYWluaW5nfGVufDB8fHx8MTc2Nzg5NjkzMnww&ixlib=rb-4.1.0&q=80&w=1080",
      "imageHint": "study training"
    },
    {
      "id": "debate-competitor",
      "description": "Two chess players in a competitive match.",
      "imageUrl": "https://images.unsplash.com/photo-1758375509064-95240aa86a22?crop=entropy&cs=tinysrgb&fit=max&fm=jpg&ixid=M3w3NDE5ODJ8MHwxfHNlYXJjaHwxMHx8Y29tcGV0aXRpb24lMjBjaGVzc3xlbnwwfHx8fDE3Njc4OTY5MzJ8MA&ixlib=rb-4.1.0&q=80&w=1080",
      "imageHint": "competition chess"
    }
  ]
}